{"cameraMode":{"drawMode":0,"name":"Shaded","section":"Shading Mode"},"sceneLighting":false,"audioPlay":false,"sceneViewState":{"m_AlwaysRefresh":false,"showFog":true,"showSkybox":false,"showFlares":true,"showImageEffects":true,"showParticleSystems":true,"showVisualEffectGraphs":true,"m_FxEnabled":true},"in2DMode":false,"pivot":{"x":-0.02806747332215309,"y":0.27289992570877077,"z":0.10934331268072128},"rotation":{"x":-0.057067327201366428,"y":0.08585295081138611,"z":-0.004919377621263266,"w":-0.9946775436401367},"size":0.09808137267827988,"orthographic":false}