{"cameraMode":{"drawMode":0,"name":"Shaded","section":"Shading Mode"},"sceneLighting":true,"audioPlay":false,"sceneViewState":{"m_AlwaysRefresh":false,"showFog":true,"showSkybox":true,"showFlares":true,"showImageEffects":true,"showParticleSystems":true,"showVisualEffectGraphs":true,"m_FxEnabled":true},"in2DMode":false,"pivot":{"x":-0.045801758766174319,"y":0.18278369307518006,"z":0.8270574808120728},"rotation":{"x":-0.030465727671980859,"y":0.4382357895374298,"z":-0.014848008751869202,"w":-0.8982372283935547},"size":0.7910003066062927,"orthographic":false}